id,generic_name,scientific_name,english_name,sex,file_url,length
963594,Mystery,mystery,Identity unknown,male,https://xeno-canto.org/963594/download,0:09
963593,Mystery,mystery,Identity unknown,male,https://xeno-canto.org/963593/download,0:05
961551,Mystery,mystery,Identity unknown,uncertain,https://xeno-canto.org/961551/download,0:20
961548,Mystery,mystery,Identity unknown,uncertain,https://xeno-canto.org/961548/download,1:41
961543,Mystery,mystery,Identity unknown,uncertain,https://xeno-canto.org/961543/download,1:34
958858,Mystery,mystery,Identity unknown,uncertain,https://xeno-canto.org/958858/download,0:31
958855,Mystery,mystery,Identity unknown,uncertain,https://xeno-canto.org/958855/download,1:18
958853,Mystery,mystery,Identity unknown,uncertain,https://xeno-canto.org/958853/download,0:45
958848,Mystery,mystery,Identity unknown,uncertain,https://xeno-canto.org/958848/download,0:30
956690,Mystery,mystery,Identity unknown,uncertain,https://xeno-canto.org/956690/download,0:46
956641,Mystery,mystery,Identity unknown,male,https://xeno-canto.org/956641/download,2:32
956534,Mystery,mystery,Identity unknown,male,https://xeno-canto.org/956534/download,2:46
506525,Mystery,mystery,Identity unknown,,https://xeno-canto.org/506525/download,0:20
961718,Mystery,mystery,Identity unknown,male,https://xeno-canto.org/961718/download,0:15
961710,Mystery,mystery,Identity unknown,uncertain,https://xeno-canto.org/961710/download,2:11
959272,Mystery,mystery,Identity unknown,uncertain,https://xeno-canto.org/959272/download,0:08
959031,Mystery,mystery,Identity unknown,uncertain,https://xeno-canto.org/959031/download,0:10
959011,Mystery,mystery,Identity unknown,uncertain,https://xeno-canto.org/959011/download,1:58
958052,Mystery,mystery,Identity unknown,uncertain,https://xeno-canto.org/958052/download,0:03
958027,Mystery,mystery,Identity unknown,uncertain,https://xeno-canto.org/958027/download,0:11
957407,Mystery,mystery,Identity unknown,uncertain,https://xeno-canto.org/957407/download,0:18
956958,Mystery,mystery,Identity unknown,uncertain,https://xeno-canto.org/956958/download,0:27
956954,Mystery,mystery,Identity unknown,uncertain,https://xeno-canto.org/956954/download,0:23
956640,Mystery,mystery,Identity unknown,uncertain,https://xeno-canto.org/956640/download,0:51
956533,Mystery,mystery,Identity unknown,uncertain,https://xeno-canto.org/956533/download,1:14
986630,Mystery,mystery,Identity unknown,,https://xeno-canto.org/986630/download,0:04
960528,Mystery,mystery,Identity unknown,male,https://xeno-canto.org/960528/download,0:13
958037,Mystery,mystery,Identity unknown,uncertain,https://xeno-canto.org/958037/download,0:04
958036,Mystery,mystery,Identity unknown,uncertain,https://xeno-canto.org/958036/download,0:13
958035,Mystery,mystery,Identity unknown,uncertain,https://xeno-canto.org/958035/download,0:05
958025,Mystery,mystery,Identity unknown,uncertain,https://xeno-canto.org/958025/download,0:29
956551,Mystery,mystery,Identity unknown,uncertain,https://xeno-canto.org/956551/download,0:15
956550,Mystery,mystery,Identity unknown,uncertain,https://xeno-canto.org/956550/download,0:13
194224,Mystery,mystery,Identity unknown,,https://xeno-canto.org/194224/download,0:21
46590,Mystery,mystery,Identity unknown,,https://xeno-canto.org/46590/download,0:24
